lemon,0,109,0,0,1,7,18,26,19,33,1.736842105,12,7,2,1,3.174311927,2
lemon,1,102,0,3,1,8,22,25,23,36,1.565217391,7,6,2,1,3.774509804,2
lemon,2,105,0,0,2,8,18,24,20,32,1.6,11,6,2,1,3.257142857,1
lemon,3,102,0,0,7,15,17,21,24,36,1.5,15,5,2,1,5.156862745,4
lemon,4,153,0,0,2,6,26,26,28,32,1.142857143,14,10,3,1,2.437908497,2
lemon,5,118,0,0,6,12,16,27,22,39,1.772727273,15,10,2,1,3.898305085,4
lemon,6,102,0,0,4,12,18,23,22,35,1.590909091,10,5,2,1,4.117647059,7
lemon,7,93,0,0,8,14,16,19,24,33,1.375,10,6,2,1,4.709677419,10
lemon,8,128,0,0,2,8,18,32,20,40,2,21,6,2,1,3.2734375,8
lemon,9,112,0,0,1,9,16,23,17,32,1.882352941,11,7,2,1,1.839285714,0
lemon,10,132,0,1,10,11,19,26,29,38,1.310344828,10,10,2,1,4.984848485,8
lemon,11,87,0,1,4,7,16,20,20,28,1.4,8,6,2,1,2.689655172,3
lemon,12,102,0,1,7,7,19,25,26,33,1.269230769,9,6,2,1,4.333333333,2
lemon,13,96,0,0,3,4,18,24,21,28,1.333333333,8,5,2,1,2.4375,2
lemon,14,130,0,1,5,6,21,24,26,31,1.192307692,16,8,3,1,3.807692308,2
lemon,15,126,0,0,4,9,21,28,25,37,1.48,12,6,2,1,4.063492063,1
lemon,16,104,0,3,2,22,16,19,18,44,2.444444444,21,3,2,1,3.788461538,12
lemon,17,127,0,0,0,5,22,30,22,35,1.590909091,14,6,2,1,2.787401575,0
lemon,18,94,0,0,8,5,13,22,21,27,1.285714286,13,7,2,1,3.117021277,7
lemon,19,125,0,0,0,10,19,31,19,41,2.157894737,14,4,2,1,2.984,8
lemon,20,94,0,1,2,20,19,15,21,36,1.714285714,10,6,2,1,3.234042553,0
lemon,21,84,0,0,6,4,15,20,21,24,1.142857143,12,7,2,1,3.178571429,3
lemon,22,101,0,0,5,19,16,19,21,38,1.80952381,15,5,2,1,4.554455446,2
lemon,23,149,0,0,2,6,22,35,24,41,1.708333333,14,6,2,1,3.946308725,0
lemon,24,129,0,0,5,13,23,24,28,37,1.321428571,10,8,2,1,4.209302326,7
lemon,25,111,0,0,4,5,20,31,24,36,1.5,11,6,2,1,4.36036036,4
lemon,26,113,0,4,0,10,21,26,21,40,1.904761905,10,5,2,1,3.495575221,4
lemon,27,113,0,0,9,10,17,26,26,36,1.384615385,12,6,2,1,5.123893805,1
lemon,28,127,0,0,1,8,19,30,20,38,1.9,18,5,2,1,3.645669291,0
lemon,29,110,0,0,7,12,16,26,23,38,1.652173913,15,4,2,1,4.790909091,7
lemon,30,99,0,0,3,9,18,21,21,30,1.428571429,11,7,1,1,3.202020202,0
lemon,31,167,0,0,2,2,26,39,28,41,1.464285714,11,8,2,1,3.778443114,0
lemon,32,101,0,0,7,17,19,18,26,35,1.346153846,8,6,2,1,5.188118812,9
lemon,33,90,0,0,3,11,16,21,19,32,1.684210526,11,5,2,1,3.7,4
lemon,34,121,0,0,0,4,24,28,24,32,1.333333333,9,6,2,1,2.94214876,0
lemon,35,111,0,0,9,13,16,23,25,36,1.44,16,8,2,1,4.198198198,10
lemon,36,109,0,0,11,13,19,22,30,35,1.166666667,8,7,2,1,5.366972477,5
lemon,37,130,0,0,7,9,21,32,28,41,1.464285714,13,6,2,1,4.907692308,8
lemon,38,88,0,0,2,7,18,20,20,27,1.35,7,6,2,1,3.079545455,0
lemon,39,102,0,0,4,23,18,16,22,39,1.772727273,11,5,2,1,4.803921569,5
lemon,40,130,0,1,2,3,19,35,21,39,1.857142857,13,6,2,1,3.369230769,5
lemon,41,118,0,1,2,7,23,26,25,34,1.36,9,7,2,1,3.211864407,1
lemon,42,95,0,0,2,14,16,20,18,34,1.888888889,11,5,2,1,3.294736842,4
lemon,43,86,0,0,6,15,16,16,22,31,1.409090909,9,5,2,1,4.162790698,7
lemon,44,115,0,0,5,11,18,25,23,36,1.565217391,14,6,2,1,4.156521739,1
lemon,45,133,0,0,0,11,25,29,25,40,1.6,14,7,2,1,4.383458647,0
lemon,46,119,0,0,13,2,23,22,36,24,0.666666667,7,10,17,1,3.983193277,0
lemon,47,95,0,0,8,11,15,23,23,34,1.47826087,10,5,2,1,4.305263158,11
lemon,48,98,0,0,2,10,16,23,18,33,1.833333333,13,5,1,1,2.867346939,1
lemon,49,95,1,0,2,12,18,19,21,31,1.476190476,10,6,2,2,3.147368421,12
lemon,50,101,0,0,10,16,16,20,26,36,1.384615385,11,6,2,2,5.188118812,12
lemon,51,132,0,0,3,3,20,35,23,38,1.652173913,12,6,2,1,3.53030303,2
lemon,52,95,0,1,1,15,18,20,19,36,1.894736842,13,4,2,1,3.747368421,1
lemon,53,117,0,0,1,6,22,26,23,32,1.391304348,11,6,2,1,3.273504274,0
lemon,54,116,0,2,1,5,21,25,22,32,1.454545455,10,6,2,1,2.568965517,0
lemon,55,142,0,0,1,9,22,34,23,43,1.869565217,16,6,2,1,3.366197183,0
lemon,56,123,0,0,4,3,19,33,23,36,1.565217391,14,6,2,1,3.74796748,4
lemon,57,98,0,0,5,28,16,13,21,41,1.952380952,12,4,2,1,4.602040816,14
lemon,58,92,0,0,6,21,18,15,24,36,1.5,9,5,2,1,5.217391304,12
lemon,59,91,0,3,7,11,16,20,23,34,1.47826087,9,5,2,1,3.835164835,3
lemon,60,129,0,0,3,9,20,30,23,39,1.695652174,11,6,2,1,3.813953488,1
lemon,61,114,0,0,12,17,20,23,32,40,1.25,9,6,2,1,5.701754386,12
lemon,62,122,0,0,1,4,20,31,21,35,1.666666667,17,5,2,1,3.409836066,1
lemon,63,80,0,1,1,3,15,19,16,23,1.4375,12,7,2,1,1.7875,0
lemon,64,117,0,0,1,12,21,28,22,40,1.818181818,14,4,2,1,4.179487179,6
lemon,65,101,0,0,1,9,15,24,16,33,2.0625,12,5,2,1,2.544554455,1
lemon,66,116,0,1,1,8,20,26,21,35,1.666666667,14,6,2,1,3.198275862,1
lemon,67,89,0,1,6,17,15,15,21,33,1.571428571,10,6,2,1,4.303370787,8
lemon,68,127,0,2,1,2,22,32,23,36,1.565217391,11,5,2,1,3.133858268,1
lemon,69,136,0,0,0,15,26,26,26,41,1.576923077,11,7,1,1,4.455882353,0
lemon,70,106,0,0,2,11,20,23,22,34,1.545454545,10,5,2,1,3.783018868,3
lemon,71,105,0,0,1,12,17,25,18,37,2.055555556,11,5,2,1,3.076190476,5
lemon,72,122,0,0,0,7,21,28,21,35,1.666666667,12,7,2,0,0,5
lemon,73,131,0,0,2,4,25,28,27,32,1.185185185,10,10,2,1,3.122137405,0
lemon,74,122,0,1,0,10,21,26,21,37,1.761904762,14,6,2,1,3.31147541,1
lemon,75,99,0,0,5,4,16,24,21,28,1.333333333,10,6,2,1,2.333333333,2
lemon,76,94,0,0,1,28,20,10,21,38,1.80952381,11,6,2,1,5.031914894,11
lemon,77,134,0,0,4,1,27,33,31,34,1.096774194,14,6,2,1,4.186567164,6
lemon,78,100,0,0,1,4,23,16,24,20,0.833333333,9,13,2,1,2.67,1
lemon,79,123,0,0,2,11,21,26,23,37,1.608695652,11,7,2,1,3.308943089,4
lemon,80,120,0,1,0,5,20,30,20,36,1.8,14,7,2,1,3.05,1
lemon,81,98,0,0,4,11,18,22,22,33,1.5,11,5,2,1,4.224489796,6
lemon,82,106,0,1,3,5,20,27,23,33,1.434782609,10,6,2,1,3.103773585,8
lemon,83,66,0,0,4,4,12,15,16,19,1.1875,8,5,2,1,2.045454545,1
lemon,84,132,0,0,5,3,32,27,37,30,0.810810811,8,8,23,1,4.318181818,0
lemon,85,116,0,0,1,15,19,26,20,41,2.05,27,6,2,1,4.034482759,6
lemon,86,100,1,6,1,8,16,20,18,34,1.888888889,13,5,2,1,1.95,4
lemon,87,108,0,2,2,8,19,22,21,32,1.523809524,12,6,2,1,2.37037037,7
lemon,88,106,0,0,1,8,20,27,21,35,1.666666667,12,5,2,1,3.70754717,4
lemon,89,136,0,0,3,4,25,34,28,38,1.357142857,9,7,2,1,4.205882353,1
lemon,90,111,0,0,1,8,18,28,19,36,1.894736842,11,5,2,1,3.108108108,1
lemon,91,112,0,2,2,5,18,26,20,33,1.65,13,7,2,1,3.035714286,3
lemon,92,79,0,0,5,22,14,11,19,33,1.736842105,12,5,2,1,4.202531646,14
lemon,93,121,0,0,2,2,21,30,23,32,1.391304348,12,7,2,1,3.132231405,0
lemon,94,88,0,6,6,11,10,18,16,35,2.1875,13,5,2,1,2.420454545,7
lemon,95,132,0,1,12,7,16,32,28,40,1.428571429,15,8,2,0,0,6
lemon,96,105,0,0,0,6,18,24,18,30,1.666666667,11,6,1,1,2.438095238,0
lemon,97,79,0,0,0,11,15,15,15,26,1.733333333,12,5,1,1,2.683544304,0
lemon,98,95,0,0,6,20,15,16,21,36,1.714285714,14,4,2,1,4.747368421,8
lemon,99,130,0,0,6,13,25,27,31,40,1.290322581,11,9,2,1,5.461538462,9
tree,0,121,2,8,25,1,13,21,40,30,0.75,14,22,1,0,0,2
tree,1,141,0,5,12,0,25,29,37,34,0.918918919,21,8,1,0,0,4
tree,2,78,0,2,18,1,6,17,24,20,0.833333333,14,13,1,0,0,8
tree,3,231,0,1,11,0,26,35,37,36,0.972972973,32,22,1,1,2.073593074,0
tree,4,142,0,20,19,1,18,17,37,38,1.027027027,32,19,1,0,0,0
tree,5,111,0,2,24,0,13,17,37,19,0.513513514,11,15,1,0,0,2
tree,6,124,0,6,22,0,16,25,38,31,0.815789474,15,20,1,0,0,2
tree,7,93,0,10,23,1,10,18,33,29,0.878787879,10,10,1,0,0,11
tree,8,156,0,6,18,2,20,28,38,36,0.947368421,18,21,1,0,0,1
tree,9,131,0,3,19,4,14,21,33,28,0.848484848,17,19,1,1,2.229007634,3
tree,10,172,1,0,10,0,25,32,36,32,0.888888889,16,17,1,1,2.302325581,0
tree,11,144,0,11,21,1,16,31,37,43,1.162162162,19,9,1,0,0,4
tree,12,132,0,9,18,0,19,24,37,33,0.891891892,13,17,1,0,0,3
tree,13,102,0,9,24,6,12,17,36,32,0.888888889,8,9,1,0,0,12
tree,14,134,0,0,26,18,13,19,39,37,0.948717949,18,14,1,2,4.253731343,0
tree,15,112,0,4,18,0,13,23,31,27,0.870967742,13,12,1,0,0,6
tree,16,120,1,8,25,1,14,21,40,30,0.75,13,17,1,0,0,11
tree,17,140,0,5,9,0,25,25,34,30,0.882352941,13,10,1,0,0,0
tree,18,128,0,11,22,0,14,25,36,36,1,16,15,1,0,0,8
tree,19,124,0,14,18,1,14,20,32,35,1.09375,18,16,1,0,0,2
tree,20,151,0,1,12,1,21,31,33,33,1,22,18,1,0,0,0
tree,21,137,0,6,19,1,20,20,39,27,0.692307692,12,16,1,0,0,1
tree,22,177,0,0,18,2,25,29,43,31,0.720930233,14,16,3,0,0,3
tree,23,121,13,0,1,21,18,11,32,32,1,17,23,1,0,0,0
tree,24,135,0,0,23,4,15,20,38,24,0.631578947,21,19,1,1,3.385185185,4
tree,25,159,0,0,20,0,21,31,41,31,0.756097561,10,15,1,1,2.119496855,4
tree,26,122,0,4,23,0,9,25,32,29,0.90625,19,16,1,0,0,5
tree,27,129,0,8,22,0,10,25,32,33,1.03125,21,12,1,0,0,2
tree,28,116,0,16,10,1,18,17,28,34,1.214285714,14,9,1,0,0,0
tree,29,91,1,2,23,3,6,14,30,19,0.633333333,19,13,1,1,2.285714286,2
tree,30,160,0,3,14,8,24,26,38,37,0.973684211,17,13,1,0,0,3
tree,31,134,0,6,22,0,14,30,36,36,1,25,11,1,0,0,13
tree,32,137,0,9,20,0,18,25,38,34,0.894736842,19,12,1,0,0,3
tree,33,127,0,10,20,0,16,27,36,37,1.027777778,11,12,1,0,0,6
tree,34,104,0,4,19,0,14,15,33,19,0.575757576,11,13,1,0,0,0
tree,35,122,0,8,16,0,17,18,33,26,0.787878788,18,11,1,0,0,2
tree,36,135,0,12,20,1,18,18,38,31,0.815789474,15,21,1,0,0,2
tree,37,124,1,7,26,0,11,25,38,32,0.842105263,15,15,1,0,0,2
tree,38,148,0,8,15,2,23,23,38,33,0.868421053,14,16,1,0,0,0
tree,39,133,0,10,12,2,24,19,36,31,0.861111111,12,13,1,0,0,0
tree,40,191,0,3,21,0,21,36,42,39,0.928571429,25,21,1,0,0,4
tree,41,130,0,10,13,2,22,18,35,30,0.857142857,10,14,1,0,0,0
tree,42,213,0,6,3,2,36,22,39,30,0.769230769,16,24,1,7,0.079812207,17
tree,43,169,0,0,24,0,14,37,38,37,0.973684211,32,11,1,2,3.804733728,5
tree,44,132,0,14,25,0,14,24,39,38,0.974358974,13,18,1,0,0,7
tree,45,144,0,10,14,3,25,17,39,30,0.769230769,13,19,1,0,0,1
tree,46,129,0,7,19,0,12,26,31,33,1.064516129,23,17,1,0,0,4
tree,47,140,0,2,8,0,27,28,35,30,0.857142857,11,10,1,0,0,0
tree,48,139,0,0,22,0,15,29,37,29,0.783783784,18,13,1,0,0,0
tree,49,115,0,4,16,2,17,23,33,29,0.878787879,19,9,1,0,0,8
tree,50,147,0,13,10,2,24,23,34,38,1.117647059,22,10,1,0,0,0
tree,51,155,2,2,18,0,19,29,39,31,0.794871795,14,20,1,0,0,3
tree,52,148,0,8,15,1,19,24,34,33,0.970588235,22,13,1,1,2.945945946,2
tree,53,147,0,8,14,1,24,26,38,35,0.921052632,12,20,1,0,0,0
tree,54,168,0,1,24,0,15,36,39,37,0.948717949,37,16,1,2,3.928571429,7
tree,55,129,0,13,24,0,14,25,38,38,1,25,11,1,0,0,5
tree,56,122,0,8,21,0,15,23,36,31,0.861111111,12,14,1,0,0,2
tree,57,177,0,0,26,14,14,31,40,45,1.125,45,20,1,1,3.276836158,0
tree,58,148,0,5,22,0,18,30,40,35,0.875,15,18,1,0,0,9
tree,59,120,0,0,14,6,18,18,32,24,0.75,15,19,1,1,1.658333333,1
tree,60,96,0,16,14,0,15,14,29,30,1.034482759,12,15,1,0,0,4
tree,61,157,0,10,12,3,26,25,38,38,1,13,12,1,0,0,0
tree,62,146,0,4,21,1,15,29,36,34,0.944444444,21,16,1,0,0,0
tree,63,115,2,3,22,10,14,14,38,27,0.710526316,11,17,1,0,0,4
tree,64,110,0,9,12,1,20,14,32,24,0.75,10,15,1,0,0,1
tree,65,157,0,16,18,0,19,23,37,39,1.054054054,24,17,1,0,0,0
tree,66,106,0,19,21,0,10,22,31,41,1.322580645,16,10,1,0,0,15
tree,67,124,0,4,19,0,17,26,36,30,0.833333333,12,19,1,1,0.008064516,4
tree,68,146,0,5,19,0,18,29,37,34,0.918918919,21,13,1,0,0,1
tree,69,115,0,4,14,3,17,20,31,27,0.870967742,15,16,1,0,0,0
tree,70,111,0,9,16,1,18,19,34,29,0.852941176,10,12,1,0,0,5
tree,71,172,0,8,13,1,20,26,33,35,1.060606061,35,19,1,1,2.145348837,0
tree,72,174,0,8,13,0,21,30,34,38,1.117647059,34,20,1,1,1.954022989,0
tree,73,148,0,7,14,9,26,21,40,37,0.925,18,19,1,1,1.527027027,5
tree,74,145,0,9,16,1,21,23,37,33,0.891891892,14,17,1,0,0,0
tree,75,129,0,14,21,0,14,22,35,36,1.028571429,22,18,1,0,0,2
tree,76,136,0,7,20,0,16,26,36,33,0.916666667,15,19,1,0,0,3
tree,77,108,0,12,22,0,12,21,34,33,0.970588235,9,9,1,0,0,10
tree,78,131,0,11,15,1,22,22,37,34,0.918918919,20,10,1,0,0,1
tree,79,135,0,0,22,20,15,17,37,37,1,11,16,1,2,4.466666667,0
tree,80,154,0,12,15,1,22,23,37,36,0.972972973,14,17,1,0,0,0
tree,81,112,0,6,15,4,18,17,33,27,0.818181818,11,17,1,0,0,3
tree,82,103,1,14,23,1,11,16,35,31,0.885714286,13,12,1,0,0,2
tree,83,92,0,5,14,1,12,19,26,25,0.961538462,15,11,1,0,0,5
tree,84,135,0,4,20,4,14,28,34,36,1.058823529,21,14,1,0,0,2
tree,85,126,0,21,26,2,16,19,42,42,1,12,18,1,0,0,8
tree,86,132,0,14,18,0,16,21,34,35,1.029411765,26,15,1,0,0,2
tree,87,126,0,9,23,0,14,26,37,35,0.945945946,19,14,1,0,0,12
tree,88,145,0,8,18,0,21,29,39,37,0.948717949,15,8,1,0,0,3
tree,89,122,0,12,19,0,14,22,33,34,1.03030303,19,10,1,0,0,2
tree,90,110,0,7,17,0,17,19,34,26,0.764705882,10,18,1,0,0,3
tree,91,152,0,5,17,0,22,32,39,37,0.948717949,16,10,1,0,0,7
tree,92,136,0,15,20,0,18,18,38,33,0.868421053,17,24,1,0,0,0
tree,93,114,0,9,12,2,17,19,29,30,1.034482759,15,9,1,0,0,2
tree,94,141,25,0,1,30,18,12,44,42,0.954545455,25,33,1,0,0,2
tree,95,127,0,16,26,1,13,21,39,38,0.974358974,19,10,1,0,0,7
tree,96,94,2,21,14,2,12,13,28,36,1.285714286,14,10,1,0,0,2
tree,97,133,0,4,19,1,17,29,36,34,0.944444444,13,12,1,0,0,7
tree,98,149,0,8,20,0,18,26,38,34,0.894736842,13,16,1,0,0,2
tree,99,136,0,10,21,0,18,25,39,35,0.897435897,16,11,1,0,0,2
cherry,0,82,9,3,14,6,9,14,32,23,0.71875,12,12,1,1,3.329268293,4
cherry,1,107,2,0,25,15,10,17,37,32,0.864864865,12,7,1,1,6.224299065,7
cherry,2,66,6,1,16,11,7,10,29,22,0.75862069,7,6,1,1,3.803030303,9
cherry,3,100,1,0,19,11,12,19,32,30,0.9375,12,6,1,1,5.07,6
cherry,4,112,2,0,23,8,14,22,39,30,0.769230769,11,8,1,1,5.116071429,7
cherry,5,122,4,0,20,13,15,20,39,33,0.846153846,14,11,1,1,5.795081967,6
cherry,6,86,5,5,17,13,9,14,31,32,1.032258065,9,11,1,1,4.244186047,8
cherry,7,117,0,0,5,3,28,23,33,26,0.787878788,12,12,1,1,4.008547009,3
cherry,8,131,2,0,16,5,20,27,38,32,0.842105263,13,8,1,1,4.465648855,0
cherry,9,132,1,0,9,7,26,21,36,28,0.777777778,9,9,1,2,3.272727273,0
cherry,10,96,1,0,9,4,16,20,26,24,0.923076923,13,8,1,1,3.229166667,0
cherry,11,133,7,0,9,4,23,26,39,30,0.769230769,15,11,1,1,4.090225564,0
cherry,12,88,4,0,16,7,11,17,31,24,0.774193548,11,8,1,1,4.045454545,7
cherry,13,126,0,0,22,14,13,21,35,35,1,16,13,1,2,6.912698413,9
cherry,14,106,2,0,20,17,14,16,36,33,0.916666667,10,8,1,1,6.320754717,12
cherry,15,74,3,0,17,20,8,8,28,28,1,7,8,1,1,5.797297297,15
cherry,16,138,1,0,12,6,28,21,41,27,0.658536585,9,10,1,6,4.173913043,0
cherry,17,85,2,0,10,7,12,14,24,21,0.875,7,10,1,1,3.117647059,1
cherry,18,113,0,3,9,5,18,18,27,26,0.962962963,15,13,1,2,1.053097345,5
cherry,19,110,1,0,12,7,19,20,32,27,0.84375,14,15,1,1,4.872727273,2
cherry,20,66,6,5,15,4,7,14,28,23,0.821428571,6,8,1,1,3.090909091,12
cherry,21,125,4,0,17,10,15,25,36,35,0.972222222,14,9,1,1,4.912,12
cherry,22,100,0,0,13,1,15,25,28,26,0.928571429,10,11,1,2,4.16,2
cherry,23,116,1,0,17,15,14,21,32,36,1.125,13,10,1,1,5.931034483,5
cherry,24,104,1,1,11,7,20,17,32,25,0.78125,9,11,1,1,3.519230769,0
cherry,25,110,2,0,13,5,19,21,34,26,0.764705882,11,10,1,1,3.845454545,0
cherry,26,92,10,0,11,12,13,14,34,26,0.764705882,8,8,1,1,3.858695652,4
cherry,27,88,3,0,5,3,17,18,25,21,0.84,8,8,1,1,2.602272727,0
cherry,28,104,2,0,12,13,16,15,30,28,0.933333333,12,12,1,1,4.307692308,1
cherry,29,134,5,0,13,2,21,30,39,32,0.820512821,15,11,1,1,4.26119403,1
cherry,30,107,0,2,17,10,15,19,32,31,0.96875,10,10,1,1,5.626168224,12
cherry,31,97,7,0,12,2,13,16,32,18,0.5625,9,9,1,3,1.917525773,0
cherry,32,85,3,0,10,7,14,18,27,25,0.925925926,8,7,1,1,3.764705882,7
cherry,33,107,4,0,18,10,15,22,37,32,0.864864865,10,9,1,1,5.336448598,9
cherry,34,114,5,0,15,10,18,20,38,30,0.789473684,9,10,1,1,5.175438596,2
cherry,35,133,0,0,25,7,15,28,40,35,0.875,10,10,1,2,6.278195489,11
cherry,36,110,0,6,10,4,21,18,31,28,0.903225806,7,14,1,1,3.072727273,0
cherry,37,69,0,4,11,5,12,11,23,20,0.869565217,8,8,1,1,2.260869565,0
cherry,38,93,4,0,11,11,16,19,31,30,0.967741935,8,7,1,1,4.88172043,1
cherry,39,77,0,4,14,8,12,12,26,24,0.923076923,7,16,1,1,4.25974026,1
cherry,40,85,3,0,21,10,8,16,32,26,0.8125,11,10,1,1,5.129411765,1
cherry,41,105,5,0,10,6,16,22,31,28,0.903225806,14,9,1,1,3.952380952,2
cherry,42,125,5,0,12,9,16,23,33,32,0.96969697,15,11,1,1,3.992,0
cherry,43,97,5,0,11,2,15,25,31,27,0.870967742,10,7,1,1,4.350515464,7
cherry,44,73,0,0,8,6,15,14,23,20,0.869565217,8,11,1,1,3.630136986,7
cherry,45,145,0,0,16,11,23,25,39,36,0.923076923,13,9,1,1,5.868965517,0
cherry,46,115,13,1,10,2,14,20,37,23,0.621621622,11,19,1,1,2.017391304,0
cherry,47,106,2,9,18,18,12,10,32,37,1.15625,14,16,1,1,4.669811321,5
cherry,48,100,8,0,18,11,9,16,35,27,0.771428571,15,12,1,1,4.36,4
cherry,49,101,6,1,15,0,13,17,34,18,0.529411765,10,13,1,2,1.732673267,1
cherry,50,103,4,0,14,7,15,21,33,28,0.848484848,10,12,1,1,4.990291262,5
cherry,51,74,2,0,10,9,11,14,23,23,1,8,7,1,1,3.662162162,1
cherry,52,86,17,0,10,8,9,14,36,22,0.611111111,10,9,1,1,2.755813953,3
cherry,53,93,6,0,16,10,12,15,34,25,0.735294118,7,11,1,1,4.537634409,0
cherry,54,108,3,0,18,15,10,19,31,34,1.096774194,20,10,1,1,5.805555556,4
cherry,55,65,4,0,9,6,10,14,23,20,0.869565217,9,7,1,1,3.246153846,7
cherry,56,118,0,0,16,10,17,23,33,33,1,14,8,1,1,5.771186441,11
cherry,57,95,4,0,17,8,11,21,32,29,0.90625,14,7,1,1,5.136842105,7
cherry,58,113,7,0,14,6,14,22,35,28,0.8,16,10,1,1,3.911504425,0
cherry,59,102,4,0,19,16,12,17,35,33,0.942857143,12,11,1,1,6.333333333,8
cherry,60,113,1,1,15,11,16,16,32,28,0.875,15,11,1,1,3.504424779,0
cherry,61,143,3,0,16,6,23,29,42,35,0.833333333,10,10,1,1,4.741258741,1
cherry,62,88,5,0,24,16,7,13,36,29,0.805555556,9,9,1,1,6.443181818,14
cherry,63,83,0,5,6,15,15,11,21,31,1.476190476,8,9,1,1,3.746987952,4
cherry,64,108,2,0,19,7,13,23,34,30,0.882352941,11,7,1,1,5.009259259,6
cherry,65,109,4,0,23,15,11,21,38,36,0.947368421,11,8,1,1,7.449541284,14
cherry,66,102,0,0,10,13,19,17,29,30,1.034482759,10,11,1,1,4.794117647,3
cherry,67,99,5,0,15,9,13,24,33,33,1,11,6,1,1,5.333333333,12
cherry,68,94,4,0,18,12,11,17,33,29,0.878787879,14,10,1,1,5.425531915,1
cherry,69,116,1,0,9,10,21,18,31,28,0.903225806,14,13,1,1,4.215517241,0
cherry,70,108,0,0,11,10,16,21,27,31,1.148148148,12,8,1,2,3.731481481,0
cherry,71,95,1,1,9,6,15,19,25,26,1.04,8,8,1,2,0.515789474,2
cherry,72,91,4,0,8,11,16,17,28,28,1,11,8,1,1,4.692307692,6
cherry,73,140,6,0,14,4,19,30,39,34,0.871794872,13,14,1,1,5.228571429,0
cherry,74,92,1,4,13,9,15,14,29,27,0.931034483,10,12,1,1,3.543478261,4
cherry,75,110,11,0,19,7,9,24,39,31,0.794871795,13,7,1,1,4.809090909,12
cherry,76,99,7,0,24,14,8,15,39,29,0.743589744,11,14,1,1,6.333333333,14
cherry,77,112,2,7,27,14,11,16,40,37,0.925,9,13,1,1,4.410714286,1
cherry,78,98,4,0,9,0,17,22,30,22,0.733333333,8,7,1,1,2.857142857,0
cherry,79,122,1,0,14,4,21,24,36,28,0.777777778,10,11,1,1,4.049180328,1
cherry,80,84,5,0,15,12,10,16,30,28,0.933333333,9,6,1,1,4.94047619,1
cherry,81,72,6,0,13,9,7,14,26,23,0.884615385,11,5,1,1,3.361111111,1
cherry,82,117,0,0,15,6,18,25,33,31,0.939393939,11,11,1,1,4.854700855,0
cherry,83,71,15,0,12,8,6,10,33,18,0.545454545,9,11,1,1,2.507042254,5
cherry,84,93,4,3,11,7,13,17,28,27,0.964285714,9,14,1,1,3.602150538,7
cherry,85,105,0,0,19,8,15,21,34,29,0.852941176,12,14,1,1,5.447619048,3
cherry,86,99,4,0,22,4,10,22,36,26,0.722222222,10,13,1,1,5.585858586,11
cherry,87,80,3,0,19,7,9,16,31,23,0.741935484,7,10,1,1,4.8625,9
cherry,88,129,1,4,19,14,20,19,40,37,0.925,12,14,1,1,5.891472868,6
cherry,89,99,0,0,21,7,14,21,35,28,0.8,8,12,1,1,5.828282828,1
cherry,90,79,5,1,10,15,11,12,26,28,1.076923077,10,8,1,1,4.620253165,11
cherry,91,91,8,0,8,3,15,15,31,18,0.580645161,11,12,1,1,2.087912088,0
cherry,92,80,3,0,14,6,11,17,28,23,0.821428571,11,6,1,1,3.4625,1
cherry,93,95,0,3,11,9,15,16,26,28,1.076923077,13,12,1,1,3.547368421,2
cherry,94,97,4,0,10,6,15,20,29,26,0.896551724,17,10,1,1,3.742268041,1
cherry,95,103,4,1,13,15,18,17,35,33,0.942857143,8,9,1,1,5.45631068,10
cherry,96,96,6,0,10,4,13,20,29,24,0.827586207,11,12,1,1,2.697916667,4
cherry,97,85,4,0,24,13,6,13,34,26,0.764705882,11,11,1,1,5.811764706,12
cherry,98,74,5,0,10,9,11,15,26,24,0.923076923,8,8,1,1,4.013513514,8
cherry,99,59,1,3,13,1,6,13,20,17,0.85,8,6,1,1,1.711864407,3
banana,0,92,4,0,7,8,16,23,27,31,1.148148148,9,7,1,2,1.380434783,6
banana,1,105,0,0,8,6,22,25,30,31,1.033333333,8,6,1,1,1.971428571,6
banana,2,122,0,1,7,4,26,25,33,30,0.909090909,8,8,1,1,1.278688525,0
banana,3,84,2,0,22,20,10,9,34,29,0.852941176,10,11,1,1,2.821428571,19
banana,4,117,0,0,20,1,16,14,36,15,0.416666667,8,14,1,1,1.333333333,0
banana,5,75,1,0,14,10,10,14,25,24,0.96,12,9,1,1,1.613333333,10
banana,6,108,1,1,16,11,17,16,34,28,0.823529412,11,11,1,1,2.722222222,1
banana,7,113,1,1,12,21,21,11,34,33,0.970588235,11,12,1,1,2.486725664,10
banana,8,109,0,0,12,4,23,19,35,23,0.657142857,9,12,1,1,1.825688073,2
banana,9,76,0,0,5,7,14,14,19,21,1.105263158,9,10,1,1,1.289473684,0
banana,10,108,1,2,8,13,21,18,30,33,1.1,13,11,1,2,1.888888889,4
banana,11,58,1,3,4,5,11,10,16,18,1.125,7,8,1,1,0.810344828,0
banana,12,108,0,1,5,12,20,19,25,32,1.28,13,8,1,2,1.101851852,0
banana,13,95,0,1,21,18,15,13,36,32,0.888888889,5,10,1,1,1.852631579,23
banana,14,125,0,1,9,4,25,22,34,27,0.794117647,10,12,1,1,1.552,0
banana,15,94,0,2,16,13,14,13,30,28,0.933333333,9,8,1,1,0.946808511,6
banana,16,89,1,0,11,20,16,12,28,32,1.142857143,9,7,1,1,1.123595506,0
banana,17,111,0,1,22,15,15,17,37,33,0.891891892,7,14,1,1,2.288288288,13
banana,18,85,1,0,3,19,16,12,20,31,1.55,8,12,1,1,2.458823529,1
banana,19,94,0,1,20,3,14,11,34,15,0.441176471,5,21,1,3,0.85106383,10
banana,20,74,0,0,15,17,10,8,25,25,1,7,8,1,1,2.351351351,10
banana,21,115,0,0,6,19,22,17,28,36,1.285714286,15,9,1,1,1.52173913,2
banana,22,111,0,1,13,11,18,18,31,30,0.967741935,13,10,1,1,1.171171171,3
banana,23,137,0,0,15,15,21,16,36,31,0.861111111,11,14,1,1,2.02919708,0
banana,24,86,0,0,8,16,17,12,25,28,1.12,11,7,1,1,2.441860465,8
banana,25,112,0,0,21,7,18,21,39,28,0.717948718,6,10,1,1,1.767857143,11
banana,26,136,0,0,6,6,23,27,29,33,1.137931034,15,13,1,2,2.139705882,0
banana,27,43,0,0,4,6,10,9,14,15,1.071428571,5,5,1,1,1.046511628,4
banana,28,102,0,0,10,19,22,13,32,32,1,12,15,1,1,2.333333333,11
banana,29,82,0,0,17,3,12,13,29,16,0.551724138,7,16,1,1,1.707317073,0
banana,30,93,2,0,13,16,12,10,27,26,0.962962963,21,14,1,1,2.333333333,2
banana,31,150,0,0,11,10,25,24,36,34,0.944444444,13,19,1,1,2.286666667,0
banana,32,106,1,1,19,12,14,16,34,29,0.852941176,16,21,1,1,2.132075472,6
banana,33,111,0,0,9,15,21,21,30,36,1.2,12,8,1,1,2.648648649,3
banana,34,152,0,1,8,0,28,23,36,24,0.666666667,13,11,1,2,1.730263158,0
banana,35,75,0,1,8,18,13,8,21,27,1.285714286,10,10,1,1,1.453333333,12
banana,36,86,1,0,0,15,12,15,13,30,2.307692308,13,6,1,1,0.848837209,0
banana,37,85,2,0,15,12,9,12,26,24,0.923076923,11,13,1,1,0.917647059,2
banana,38,81,0,1,25,16,8,11,33,28,0.848484848,6,8,1,1,3.160493827,24
banana,39,145,0,0,10,0,24,35,34,35,1.029411765,17,9,1,1,1.448275862,0
banana,40,62,0,0,5,5,11,12,16,17,1.0625,10,8,1,1,0.822580645,0
banana,41,97,0,0,12,18,17,16,29,34,1.172413793,13,6,1,1,4.041237113,14
banana,42,86,1,1,22,27,10,7,33,35,1.060606061,8,7,1,1,1.755813953,23
banana,43,142,0,0,16,16,24,22,40,38,0.95,12,13,1,1,2.809859155,3
banana,44,91,0,0,15,18,13,15,28,33,1.178571429,8,6,1,1,2.703296703,8
banana,45,108,0,0,14,23,19,10,33,33,1,8,12,1,2,2.166666667,0
banana,46,77,0,0,15,0,13,11,28,11,0.392857143,5,15,1,1,1.064935065,2
banana,47,137,0,0,5,13,27,24,32,37,1.15625,15,10,1,1,2.04379562,0
banana,48,137,1,1,10,2,26,23,37,26,0.702702703,12,12,1,2,1.386861314,0
banana,49,127,0,0,12,14,20,17,32,31,0.96875,12,16,1,1,1.590551181,8
banana,50,100,2,1,19,15,14,15,35,31,0.885714286,12,10,1,1,1.95,12
banana,51,155,0,0,5,6,32,32,37,38,1.027027027,11,10,1,1,1.974193548,0
banana,52,73,0,2,17,15,11,10,28,27,0.964285714,6,8,1,1,1.821917808,1
banana,53,83,1,1,12,6,15,16,28,23,0.821428571,8,11,1,1,2.56626506,1
banana,54,97,2,2,6,12,15,16,23,30,1.304347826,15,12,1,1,1.195876289,0
banana,55,104,0,0,20,18,14,12,34,30,0.882352941,9,14,1,1,2.971153846,0
banana,56,98,0,1,10,16,17,13,27,30,1.111111111,13,10,1,1,1.551020408,5
banana,57,97,0,0,21,2,16,15,37,17,0.459459459,6,14,1,1,1.12371134,0
banana,58,98,1,0,2,15,17,17,20,32,1.6,14,8,1,1,1.295918367,0
banana,59,97,1,0,23,12,10,15,34,27,0.794117647,11,12,1,1,2.711340206,10
banana,60,109,0,1,11,13,22,16,33,30,0.909090909,12,13,1,1,2.183486239,7
banana,61,106,0,0,12,18,18,15,30,33,1.1,8,10,1,1,2.122641509,3
banana,62,166,0,0,6,3,33,26,39,29,0.743589744,13,14,1,1,2.246987952,0
banana,63,179,0,0,3,7,31,25,34,32,0.941176471,10,14,1,4,1.418994413,0
banana,64,83,1,0,14,22,12,8,27,30,1.111111111,10,9,1,1,2.240963855,0
banana,65,101,0,1,10,6,19,18,29,25,0.862068966,13,14,5,3,1.643564356,7
banana,66,106,0,0,8,5,22,20,30,25,0.833333333,8,14,1,1,1.924528302,0
banana,67,253,0,0,1,2,40,27,41,29,0.707317073,14,22,1,3,1.154150198,0
banana,68,113,0,1,6,8,20,20,26,29,1.115384615,14,10,1,1,1.504424779,0
banana,69,123,0,1,16,20,19,15,35,36,1.028571429,7,12,1,1,2.178861789,20
banana,70,124,1,1,15,12,20,22,36,35,0.972222222,9,8,1,1,1.564516129,5
banana,71,126,1,0,11,15,20,17,32,32,1,12,17,1,1,1.650793651,0
banana,72,104,0,1,14,5,17,15,31,21,0.677419355,7,10,1,1,0.980769231,2
banana,73,120,0,0,11,14,23,20,34,34,1,10,13,1,1,1.958333333,8
banana,74,92,1,0,12,12,16,18,29,30,1.034482759,10,7,1,1,2.304347826,11
banana,75,76,0,0,3,6,15,15,18,21,1.166666667,11,10,1,1,0.894736842,0
banana,76,84,1,0,15,3,15,19,31,22,0.709677419,7,7,1,1,2.595238095,0
banana,77,97,0,2,3,22,16,9,19,33,1.736842105,13,7,1,1,1.237113402,4
banana,78,66,0,0,4,7,15,13,19,20,1.052631579,8,9,1,1,1.272727273,0
banana,79,91,0,0,12,16,16,12,28,28,1,9,12,1,1,2.186813187,7
banana,80,125,0,0,7,12,24,21,31,33,1.064516129,13,11,1,1,2.512,1
banana,81,109,0,0,23,17,12,17,35,34,0.971428571,9,11,1,1,2.412844037,14
banana,82,92,2,2,13,6,16,16,31,24,0.774193548,10,10,1,1,1.880434783,4
banana,83,125,5,0,9,8,22,25,36,33,0.916666667,12,10,1,1,2.008,0
banana,84,98,0,1,23,21,13,10,36,32,0.888888889,7,12,1,1,2.102040816,16
banana,85,124,0,0,14,8,23,18,37,26,0.702702703,11,16,1,1,1.870967742,1
banana,86,99,1,0,22,2,16,16,39,18,0.461538462,5,15,1,1,1.545454545,2
banana,87,104,0,0,4,22,14,14,18,36,2,15,8,1,1,2.375,3
banana,88,95,1,2,3,15,14,16,18,33,1.833333333,18,8,1,1,1.042105263,1
banana,89,102,1,0,23,29,14,10,38,39,1.026315789,7,10,1,1,2.568627451,35
banana,90,106,0,2,13,9,20,19,33,30,0.909090909,9,10,1,1,1.990566038,8
banana,91,124,0,1,14,18,17,19,31,38,1.225806452,22,8,1,1,2.233870968,10
banana,92,101,1,0,15,10,18,16,34,26,0.764705882,7,8,1,1,1.514851485,8
banana,93,153,0,0,1,11,34,26,35,37,1.057142857,12,12,1,5,1.039215686,11
banana,94,77,1,0,16,24,12,8,29,32,1.103448276,8,5,1,1,2.25974026,23
banana,95,130,0,1,13,13,22,19,35,33,0.942857143,13,19,1,1,1.846153846,2
banana,96,123,2,0,22,25,17,14,41,39,0.951219512,11,14,1,1,3.796747967,11
banana,97,110,0,0,18,21,19,14,37,35,0.945945946,7,10,1,1,2.009090909,26
banana,98,104,0,2,12,9,19,17,31,28,0.903225806,8,11,1,1,1.817307692,1
banana,99,118,0,0,15,19,18,16,33,35,1.060606061,13,12,1,1,1.889830508,4
wineglass,0,85,15,0,12,6,9,14,36,20,0.555555556,10,15,1,0,0,0
wineglass,1,76,9,4,17,9,6,5,32,18,0.5625,12,16,1,0,0,1
wineglass,2,107,13,1,8,10,15,19,36,30,0.833333333,18,16,1,0,0,0
wineglass,3,64,1,0,5,3,12,11,18,14,0.777777778,10,8,1,0,0,0
wineglass,4,64,13,0,13,14,4,4,30,18,0.6,14,15,1,0,0,5
wineglass,5,66,18,6,9,7,6,4,33,17,0.515151515,7,20,1,0,0,0
wineglass,6,75,14,0,15,15,5,8,34,23,0.676470588,12,11,1,0,0,5
wineglass,7,103,16,6,18,20,6,7,40,33,0.825,23,16,1,0,0,4
wineglass,8,68,18,0,6,8,7,9,31,17,0.548387097,13,15,1,0,0,0
wineglass,9,85,13,0,12,3,10,16,35,19,0.542857143,12,16,1,0,0,0
wineglass,10,55,12,1,11,5,3,6,26,12,0.461538462,12,14,1,0,0,0
wineglass,11,97,10,2,11,6,12,15,33,23,0.696969697,11,11,1,0,0,0
wineglass,12,80,12,0,10,12,10,8,32,20,0.625,15,12,1,0,0,2
wineglass,13,106,10,0,12,0,11,19,33,19,0.575757576,18,17,1,0,0,0
wineglass,14,83,12,2,1,1,10,18,23,21,0.913043478,21,14,1,0,0,3
wineglass,15,89,13,0,14,11,8,11,35,22,0.628571429,11,15,1,0,0,0
wineglass,16,111,12,3,12,1,14,21,38,25,0.657894737,11,18,1,1,0.225225225,0
wineglass,17,52,10,1,8,10,4,4,22,15,0.681818182,11,12,1,0,0,2
wineglass,18,71,14,0,7,12,7,8,28,20,0.714285714,14,16,1,0,0,0
wineglass,19,94,12,1,9,21,10,11,31,33,1.064516129,19,13,1,0,0,7
wineglass,20,83,0,3,19,6,6,14,25,23,0.92,14,11,1,0,0,2
wineglass,21,82,5,0,11,10,12,13,28,23,0.821428571,8,14,1,0,0,4
wineglass,22,95,11,1,9,8,15,16,35,25,0.714285714,14,12,1,0,0,2
wineglass,23,105,6,0,19,0,9,19,34,19,0.558823529,19,17,1,2,2.780952381,2
wineglass,24,117,12,0,11,1,13,25,36,26,0.722222222,20,16,1,0,0,0
wineglass,25,81,9,1,9,2,12,15,30,18,0.6,11,13,1,0,0,0
wineglass,26,113,1,1,15,9,18,15,34,25,0.735294118,21,16,1,0,0,1
wineglass,27,81,8,1,15,6,5,19,28,26,0.928571429,17,6,1,0,0,4
wineglass,28,93,13,2,14,2,10,18,37,22,0.594594595,13,12,1,0,0,0
wineglass,29,111,14,0,14,2,10,19,38,21,0.552631579,17,15,1,0,0,0
wineglass,30,104,10,0,14,0,12,18,36,18,0.5,15,14,1,0,0,0
wineglass,31,82,0,0,25,6,6,10,31,16,0.516129032,10,15,1,0,0,0
wineglass,32,73,10,0,7,6,11,12,28,18,0.642857143,10,12,1,0,0,0
wineglass,33,86,19,1,4,10,11,14,34,25,0.735294118,10,22,1,0,0,0
wineglass,34,114,5,1,17,4,14,17,36,22,0.611111111,14,19,1,0,0,0
wineglass,35,63,9,0,10,9,6,8,25,17,0.68,13,10,1,0,0,1
wineglass,36,128,4,0,24,10,10,18,38,28,0.736842105,23,17,1,0,0,0
wineglass,37,78,10,5,19,10,4,5,33,20,0.606060606,15,21,1,0,0,1
wineglass,38,69,0,0,16,10,7,8,23,18,0.782608696,12,10,1,0,0,0
wineglass,39,122,17,0,11,0,14,22,42,22,0.523809524,17,21,1,0,0,0
wineglass,40,74,14,0,12,16,6,5,32,21,0.65625,16,15,1,0,0,3
wineglass,41,72,12,1,10,7,8,9,30,17,0.566666667,10,13,1,0,0,2
wineglass,42,94,15,0,11,7,10,15,36,22,0.611111111,11,15,1,0,0,0
wineglass,43,73,12,0,7,2,13,14,32,16,0.5,8,9,1,0,0,0
wineglass,44,69,16,0,12,7,4,9,32,16,0.5,15,16,1,0,0,2
wineglass,45,82,14,0,11,5,10,14,35,19,0.542857143,11,11,1,0,0,3
wineglass,46,94,16,5,14,13,6,10,36,28,0.777777778,27,17,1,0,0,2
wineglass,47,73,13,0,16,11,4,8,33,19,0.575757576,15,11,1,0,0,4
wineglass,48,73,7,3,9,7,9,11,25,21,0.84,11,13,1,0,0,1
wineglass,49,100,4,5,21,8,5,11,30,24,0.8,18,15,1,0,0,0
wineglass,50,84,16,2,8,13,10,9,34,24,0.705882353,11,14,1,0,0,2
wineglass,51,52,10,1,4,12,5,6,19,19,1,16,11,1,0,0,3
wineglass,52,75,15,2,13,12,5,7,33,21,0.636363636,18,16,1,0,0,5
wineglass,53,73,9,2,5,4,11,14,25,20,0.8,13,11,1,0,0,0
wineglass,54,97,10,0,10,0,11,17,31,17,0.548387097,11,14,1,2,1.93814433,1
wineglass,55,81,14,2,13,11,7,9,34,22,0.647058824,12,17,1,0,0,4
wineglass,56,106,1,1,19,12,13,12,33,25,0.757575758,18,15,1,0,0,0
wineglass,57,111,16,2,14,15,9,12,39,29,0.743589744,25,17,1,0,0,0
wineglass,58,58,11,5,9,9,7,7,27,21,0.777777778,5,12,1,0,0,6
wineglass,59,85,10,1,17,16,7,9,34,26,0.764705882,13,10,1,0,0,5
wineglass,60,47,10,1,7,11,4,5,21,17,0.80952381,7,12,1,0,0,3
wineglass,61,90,15,0,10,5,11,14,36,19,0.527777778,16,16,1,0,0,0
wineglass,62,60,8,2,6,7,7,9,21,18,0.857142857,13,9,1,0,0,0
wineglass,63,100,12,1,9,8,15,19,36,28,0.777777778,17,14,1,0,0,0
wineglass,64,50,14,1,6,11,4,4,24,16,0.666666667,13,15,1,0,0,4
wineglass,65,102,13,0,11,11,11,16,35,27,0.771428571,23,15,1,0,0,0
wineglass,66,81,15,2,8,6,10,13,33,21,0.636363636,13,12,1,0,0,0
wineglass,67,83,12,0,9,8,10,11,31,19,0.612903226,11,14,1,0,0,0
wineglass,68,86,13,1,14,16,6,7,33,24,0.727272727,22,13,1,0,0,2
wineglass,69,75,9,0,5,12,12,11,26,23,0.884615385,16,11,1,0,0,0
wineglass,70,77,17,2,5,6,8,13,30,21,0.7,21,18,1,0,0,4
wineglass,71,108,11,0,13,0,10,20,34,20,0.588235294,18,14,1,0,0,0
wineglass,72,61,17,7,8,12,6,5,31,24,0.774193548,8,11,1,0,0,6
wineglass,73,58,13,1,6,16,6,5,25,22,0.88,14,12,1,0,0,3
wineglass,74,94,10,0,9,0,11,19,30,19,0.633333333,17,10,2,0,0,0
wineglass,75,114,11,17,14,9,7,17,32,43,1.34375,31,12,1,1,0.061403509,2
wineglass,76,67,18,4,7,13,6,6,31,23,0.741935484,15,18,1,0,0,3
wineglass,77,63,11,0,12,7,5,12,28,19,0.678571429,10,9,1,0,0,2
wineglass,78,105,12,0,7,0,13,23,32,23,0.71875,17,15,1,0,0,0
wineglass,79,56,9,2,8,5,7,8,24,15,0.625,7,11,1,0,0,0
wineglass,80,74,10,0,8,4,9,14,27,18,0.666666667,10,13,1,0,0,0
wineglass,81,54,13,0,13,7,2,4,28,11,0.392857143,8,15,1,0,0,0
wineglass,82,62,7,0,7,10,11,10,25,20,0.8,6,9,1,0,0,1
wineglass,83,108,15,0,9,11,14,17,38,28,0.736842105,22,17,1,0,0,0
wineglass,84,106,12,0,12,14,12,13,36,27,0.75,20,17,1,0,0,0
wineglass,85,73,12,2,7,14,7,7,26,23,0.884615385,15,14,1,0,0,4
wineglass,86,68,8,0,13,6,6,9,27,15,0.555555556,11,14,1,0,0,0
wineglass,87,96,19,2,7,18,12,8,38,28,0.736842105,11,24,1,0,0,4
wineglass,88,90,12,0,14,0,6,18,32,18,0.5625,18,19,1,1,1.966666667,2
wineglass,89,70,12,7,15,7,4,5,31,19,0.612903226,9,15,1,0,0,1
wineglass,90,98,0,1,26,9,9,11,35,21,0.6,11,15,1,0,0,0
wineglass,91,82,11,1,14,9,8,11,33,21,0.636363636,12,12,1,0,0,0
wineglass,92,54,13,0,8,14,4,5,25,19,0.76,13,8,1,0,0,3
wineglass,93,94,18,0,4,6,12,18,34,24,0.705882353,12,16,1,0,0,0
wineglass,94,131,0,1,7,4,21,20,28,25,0.892857143,24,17,1,0,0,3
wineglass,95,101,13,3,14,18,10,9,37,30,0.810810811,22,15,1,0,0,3
wineglass,96,61,15,5,6,9,6,8,27,22,0.814814815,11,11,1,0,0,5
wineglass,97,84,9,3,18,12,9,8,36,23,0.638888889,8,15,1,0,0,1
wineglass,98,69,16,3,8,7,7,9,31,19,0.612903226,9,12,1,0,0,1
wineglass,99,78,4,4,21,9,6,10,31,23,0.741935484,12,11,1,0,0,7
envelope,0,146,0,0,6,1,17,35,23,36,1.565217391,22,14,1,2,3.95890411,9
envelope,1,166,0,0,7,0,18,33,25,33,1.32,22,24,1,3,3.554216867,0
envelope,2,149,0,0,11,0,16,34,27,34,1.259259259,21,18,1,2,4.644295302,4
envelope,3,135,0,0,4,1,16,28,20,29,1.45,28,17,1,2,3.044444444,1
envelope,4,199,0,0,8,0,23,38,31,38,1.225806452,38,29,1,2,4.567839196,0
envelope,5,161,0,0,11,0,13,38,24,38,1.583333333,38,23,1,2,4.360248447,1
envelope,6,171,0,1,9,0,19,38,28,39,1.392857143,28,24,1,2,4.625730994,0
envelope,7,107,2,1,1,1,15,26,18,28,1.555555556,26,10,1,2,2.803738318,15
envelope,8,203,0,1,10,0,22,39,32,40,1.25,37,29,1,2,4.738916256,2
envelope,9,135,0,0,12,0,12,31,24,31,1.291666667,31,24,1,2,4.511111111,8
envelope,10,142,0,0,6,0,17,34,23,34,1.47826087,20,14,1,1,2.542253521,3
envelope,11,150,0,0,11,0,14,37,25,37,1.48,30,21,1,2,4.513333333,6
envelope,12,163,0,1,6,0,17,35,23,36,1.565217391,18,22,1,2,3.061349693,0
envelope,13,121,0,0,8,0,12,31,20,31,1.55,21,9,1,2,3.636363636,0
envelope,14,183,0,0,9,0,22,37,31,37,1.193548387,29,28,1,3,4.551912568,0
envelope,15,181,0,0,6,0,17,41,23,41,1.782608696,38,16,1,2,4.033149171,2
envelope,16,183,0,0,11,0,16,38,27,38,1.407407407,38,27,1,2,4.420765027,0
envelope,17,96,0,0,5,0,12,22,17,22,1.294117647,22,16,1,2,2.53125,4
envelope,18,165,0,1,3,0,20,39,23,40,1.739130435,38,21,1,2,4.224242424,11
envelope,19,143,0,0,7,2,16,33,23,35,1.52173913,26,21,1,2,4.307692308,10
envelope,20,151,0,0,7,0,20,34,27,34,1.259259259,18,24,1,2,4.132450331,6
envelope,21,136,0,0,5,0,19,30,24,30,1.25,18,19,1,2,3.816176471,1
envelope,22,139,0,0,3,0,17,32,20,32,1.6,25,19,1,2,3.446043165,8
envelope,23,192,1,0,10,0,25,41,36,41,1.138888889,40,33,1,2,6.203125,0
envelope,24,138,0,0,4,2,20,30,24,32,1.333333333,29,15,1,2,3.565217391,10
envelope,25,158,0,0,9,0,21,32,30,32,1.066666667,18,28,1,2,4.512658228,7
envelope,26,139,0,0,8,1,15,33,23,34,1.47826087,30,15,1,2,4.079136691,9
envelope,27,170,0,1,4,0,15,40,19,41,2.157894737,37,17,1,2,3.288235294,0
envelope,28,161,0,0,8,1,19,35,27,36,1.333333333,23,26,2,1,4.416149068,14
envelope,29,153,0,0,4,0,18,31,22,31,1.409090909,30,16,1,2,3.045751634,0
envelope,30,167,0,0,9,1,18,36,27,37,1.37037037,24,22,1,3,4.251497006,5
envelope,31,127,0,1,4,0,13,31,17,32,1.882352941,32,15,1,2,2.818897638,1
envelope,32,188,0,0,13,0,17,39,30,39,1.3,28,28,1,2,4.95212766,1
envelope,33,109,1,0,5,0,16,26,22,26,1.181818182,24,14,1,2,3.596330275,0
envelope,34,140,0,0,5,0,14,37,19,37,1.947368421,33,14,1,2,3.828571429,2
envelope,35,189,0,0,13,1,18,38,31,39,1.258064516,38,30,1,2,5.137566138,0
envelope,36,149,0,0,7,1,16,35,23,36,1.565217391,35,15,1,2,3.899328859,0
envelope,37,146,0,0,6,0,14,35,20,35,1.75,34,20,1,2,3.534246575,7
envelope,38,96,0,0,7,1,11,27,18,28,1.555555556,13,6,1,2,3.229166667,3
envelope,39,171,0,0,8,0,19,33,27,33,1.222222222,26,18,1,2,3.695906433,0
envelope,40,150,0,0,8,0,15,36,23,36,1.565217391,31,15,1,2,3.64,5
envelope,41,147,0,0,5,0,16,34,21,34,1.619047619,20,15,1,2,3.496598639,2
envelope,42,155,0,0,7,2,15,37,22,39,1.772727273,24,22,1,2,4.251612903,6
envelope,43,130,0,0,6,0,14,28,20,28,1.4,23,7,1,1,0.784615385,0
envelope,44,152,0,0,4,0,17,36,21,36,1.714285714,36,14,1,2,3.605263158,6
envelope,45,170,0,0,10,0,19,34,29,34,1.172413793,23,20,1,2,4.111764706,0
envelope,46,170,0,0,7,0,19,39,26,39,1.5,30,19,1,2,4.317647059,3
envelope,47,163,0,1,6,1,15,38,21,40,1.904761905,33,19,1,2,3.705521472,1
envelope,48,216,0,0,17,0,26,42,43,42,0.976744186,30,34,1,2,7.078703704,19
envelope,49,173,0,1,10,0,20,34,30,35,1.166666667,32,17,1,2,4.358381503,2
envelope,50,148,0,0,9,0,16,35,25,35,1.4,30,24,1,2,4.581081081,0
envelope,51,162,2,0,10,0,15,38,27,38,1.407407407,23,26,1,2,4.617283951,5
envelope,52,142,0,0,7,0,16,33,23,33,1.434782609,31,16,1,2,4.161971831,0
envelope,53,167,0,0,13,0,16,34,29,34,1.172413793,33,23,1,2,4.652694611,3
envelope,54,130,0,0,4,0,14,30,18,30,1.666666667,28,10,1,2,3.007692308,2
envelope,55,147,0,0,7,0,17,32,24,32,1.333333333,32,22,1,2,3.68707483,2
envelope,56,164,0,0,7,0,14,41,21,41,1.952380952,41,20,1,2,4.024390244,2
envelope,57,150,0,0,11,0,17,35,28,35,1.25,31,19,1,2,5.153333333,17
envelope,58,128,0,0,8,1,12,26,20,27,1.35,27,20,1,2,3.1328125,0
envelope,59,150,0,0,9,1,13,37,22,38,1.727272727,37,14,1,2,4.413333333,7
envelope,60,153,0,0,5,0,21,38,26,38,1.461538462,36,10,1,2,4.633986928,12
envelope,61,199,0,0,5,1,20,42,25,43,1.72,42,21,1,2,4.005025126,0
envelope,62,186,0,0,7,1,25,40,32,41,1.28125,31,31,1,2,5.758064516,18
envelope,63,174,0,0,8,0,17,38,25,38,1.52,36,23,1,2,4.201149425,0
envelope,64,179,0,0,8,0,16,37,24,37,1.541666667,37,24,1,2,3.960893855,0
envelope,65,143,0,0,9,0,13,30,22,30,1.363636364,30,22,1,2,3.615384615,0
envelope,66,167,0,2,11,2,18,33,29,37,1.275862069,37,20,1,2,4.532934132,1
envelope,67,192,0,0,13,1,19,39,32,40,1.25,31,22,1,2,5.067708333,6
envelope,68,148,0,1,10,0,10,35,20,36,1.8,35,20,1,2,3.506756757,0
envelope,69,174,0,0,9,1,16,36,25,37,1.48,34,24,1,2,4.103448276,0
envelope,70,156,0,0,10,0,18,36,28,36,1.285714286,21,25,1,2,4.756410256,17
envelope,71,142,0,0,5,0,15,34,20,34,1.7,30,17,1,2,3.415492958,3
envelope,72,173,0,0,9,0,18,35,27,35,1.296296296,34,25,1,2,4.23699422,0
envelope,73,136,0,0,3,1,19,33,22,34,1.545454545,33,18,1,2,1.375,21
envelope,74,148,0,0,5,1,15,31,20,32,1.6,27,19,1,2,2.932432432,0
envelope,75,160,0,0,5,0,20,38,25,38,1.52,36,13,1,2,4.56875,19
envelope,76,172,0,0,5,0,17,40,22,40,1.818181818,33,16,1,2,3.639534884,0
envelope,77,112,0,0,6,0,14,28,20,28,1.4,25,11,1,2,3.196428571,11
envelope,78,179,1,0,19,0,15,37,35,37,1.057142857,37,34,1,2,6.033519553,0
envelope,79,184,0,0,7,0,19,39,26,39,1.5,31,18,1,2,4.010869565,1
envelope,80,157,0,0,6,1,18,37,24,38,1.583333333,21,19,1,2,4.095541401,3
envelope,81,152,0,0,11,0,17,30,28,30,1.071428571,24,23,1,2,4.118421053,0
envelope,82,156,0,1,7,0,17,32,24,33,1.375,31,20,1,2,3.442307692,0
envelope,83,180,0,0,7,0,19,39,26,39,1.5,17,14,1,2,3.255555556,0
envelope,84,137,0,1,3,0,14,33,17,34,2,24,10,1,2,2.569343066,0
envelope,85,141,0,0,6,0,14,31,20,31,1.55,20,13,1,3,3.120567376,0
envelope,86,137,0,0,7,0,14,33,21,33,1.571428571,32,21,1,2,3.941605839,11
envelope,87,151,0,0,9,0,17,33,26,33,1.269230769,27,23,1,2,4.311258278,11
envelope,88,153,0,1,10,7,19,28,29,36,1.24137931,19,26,1,1,1.150326797,2
envelope,89,166,0,1,8,0,17,33,25,34,1.36,27,24,1,2,3.487951807,0
envelope,90,145,0,1,8,0,16,30,24,31,1.291666667,30,18,1,2,3.717241379,1
envelope,91,143,0,0,6,0,16,35,22,35,1.590909091,23,18,1,2,4.076923077,9
envelope,92,169,0,0,10,0,15,39,25,39,1.56,37,19,1,2,4.396449704,1
envelope,93,159,0,0,5,0,18,36,23,36,1.565217391,35,18,1,2,3.647798742,1
envelope,94,162,1,0,7,2,18,37,26,39,1.5,27,15,1,2,4.407407407,12
envelope,95,157,0,0,3,1,18,37,21,38,1.80952381,32,21,1,2,3.611464968,8
envelope,96,154,0,0,5,0,14,38,19,38,2,38,18,1,3,3.461038961,3
envelope,97,131,0,0,6,0,10,31,16,31,1.9375,31,15,1,2,2.595419847,1
envelope,98,147,0,0,8,0,11,33,19,33,1.736842105,33,19,1,2,3.265306122,0
envelope,99,165,0,0,6,1,16,39,22,40,1.818181818,35,17,1,2,3.763636364,3
golfclub,0,132,0,0,3,0,30,29,33,29,0.878787879,8,6,1,3,0.242424242,0
golfclub,1,92,9,0,16,16,10,16,35,32,0.914285714,8,7,2,1,0.586956522,0
golfclub,2,102,5,2,22,12,11,20,38,34,0.894736842,9,8,2,1,0.333333333,0
golfclub,3,105,11,2,12,14,11,16,34,32,0.941176471,11,7,2,1,0.685714286,2
golfclub,4,121,1,2,7,5,23,28,31,35,1.129032258,11,6,2,1,0.603305785,9
golfclub,5,159,0,0,10,10,31,30,41,40,0.975609756,11,9,3,1,0.635220126,0
golfclub,6,109,1,1,2,2,23,26,26,29,1.115384615,8,10,3,1,0.357798165,0
golfclub,7,74,3,1,5,4,16,19,24,24,1,7,4,1,3,0.148648649,0
golfclub,8,59,25,0,1,2,7,12,33,14,0.424242424,7,7,3,1,0.440677966,0
golfclub,9,152,1,0,1,3,29,27,31,30,0.967741935,9,10,3,1,0.348684211,0
golfclub,10,153,1,1,5,3,31,30,37,34,0.918918919,12,12,3,1,0.816993464,4
golfclub,11,186,0,0,1,1,29,33,30,34,1.133333333,12,10,3,1,0.607526882,0
golfclub,12,117,1,0,11,6,19,23,31,29,0.935483871,15,10,3,1,0.632478632,1
golfclub,13,150,0,0,1,1,29,34,30,35,1.166666667,11,9,3,1,0.666666667,0
golfclub,14,166,0,0,0,2,29,34,29,36,1.24137931,12,11,3,1,0.5,0
golfclub,15,147,2,0,5,3,33,29,40,32,0.8,10,7,2,0,0,4
golfclub,16,111,1,0,11,4,21,27,33,31,0.939393939,9,7,3,1,0.756756757,3
golfclub,17,101,4,0,14,4,12,23,30,27,0.9,10,7,2,1,0.613861386,2
golfclub,18,57,23,9,2,7,5,8,30,24,0.8,7,7,3,1,0.543859649,12
golfclub,19,105,2,0,20,22,9,15,31,37,1.193548387,18,9,3,1,0.952380952,0
golfclub,20,231,0,0,2,0,30,36,32,36,1.125,12,10,3,1,0.441558442,0
golfclub,21,139,0,0,10,5,22,29,32,34,1.0625,17,12,3,1,0.604316547,3
golfclub,22,93,20,1,5,4,11,16,36,21,0.583333333,10,8,3,1,1.053763441,1
golfclub,23,123,1,0,6,7,23,29,30,36,1.2,21,7,3,1,0.886178862,3
golfclub,24,165,1,0,5,3,35,33,41,36,0.87804878,11,8,3,1,0.921212121,4
golfclub,25,95,22,8,2,8,12,15,36,31,0.861111111,10,8,3,1,0.926315789,6
golfclub,26,68,1,0,6,5,15,17,22,22,1,6,5,1,3,0.102941176,0
golfclub,27,105,1,0,16,3,11,28,28,31,1.107142857,12,5,2,2,0.466666667,2
golfclub,28,72,9,2,11,13,8,11,28,26,0.928571429,9,6,3,1,0.5,2
golfclub,29,161,0,0,9,3,30,26,39,29,0.743589744,12,11,3,1,0.956521739,1
golfclub,30,122,1,0,15,3,18,24,34,27,0.794117647,13,10,3,1,0.56557377,0
golfclub,31,131,0,1,7,4,24,25,31,30,0.967741935,15,8,3,1,0.824427481,5
golfclub,32,143,2,0,6,8,31,33,39,41,1.051282051,9,8,3,1,0.797202797,0
golfclub,33,100,7,0,13,8,11,22,31,30,0.967741935,9,6,2,1,0.65,0
golfclub,34,67,14,5,5,15,7,9,26,29,1.115384615,9,5,3,1,1,4
golfclub,35,101,0,0,26,15,11,20,37,35,0.945945946,6,6,3,1,0.415841584,0
golfclub,36,143,0,1,2,0,36,29,38,30,0.789473684,8,10,1,1,0.258741259,0
golfclub,37,63,19,15,6,7,6,8,31,30,0.967741935,7,6,3,1,0.650793651,11
golfclub,38,101,0,1,4,3,22,24,26,28,1.076923077,10,7,2,1,0.346534653,2
golfclub,39,127,1,1,15,8,20,29,36,38,1.055555556,13,9,3,1,0.385826772,0
golfclub,40,146,0,0,4,1,28,34,32,35,1.09375,10,11,3,1,0.664383562,0
golfclub,41,117,0,1,3,4,26,27,29,32,1.103448276,8,6,3,1,0.239316239,2
golfclub,42,75,7,7,19,20,5,7,31,34,1.096774194,9,6,1,1,0.546666667,2
golfclub,43,151,0,0,1,1,28,31,29,32,1.103448276,13,8,3,1,0.476821192,0
golfclub,44,82,0,0,5,3,21,24,26,27,1.038461538,5,5,1,2,0.109756098,0
golfclub,45,95,1,0,8,9,16,21,25,30,1.2,11,6,1,8,0.442105263,1
golfclub,46,98,7,15,10,12,15,13,32,40,1.25,8,7,2,3,0.87755102,10
golfclub,47,232,0,1,6,3,34,34,40,38,0.95,18,11,3,1,0.810344828,5
golfclub,48,126,1,0,12,0,21,15,34,15,0.441176471,13,30,2,1,0.301587302,0
golfclub,49,132,0,0,4,6,29,25,33,31,0.939393939,10,8,3,1,0.651515152,2
golfclub,50,99,2,1,26,12,10,21,38,34,0.894736842,8,6,3,1,0.373737374,1
golfclub,51,98,4,0,15,2,10,22,29,24,0.827586207,11,9,3,1,0.887755102,0
golfclub,52,110,2,0,13,5,21,27,36,32,0.888888889,9,7,1,1,0.463636364,0
golfclub,53,198,1,0,2,4,33,22,36,26,0.722222222,13,16,2,1,0.378787879,0
golfclub,54,125,1,0,3,2,27,25,31,27,0.870967742,11,7,2,1,0.264,0
golfclub,55,62,9,2,7,10,8,10,24,22,0.916666667,8,8,3,1,0.532258065,2
golfclub,56,164,0,0,4,4,37,30,41,34,0.829268293,13,10,3,1,0.536585366,1
golfclub,57,66,8,10,10,12,6,9,24,31,1.291666667,9,4,3,1,0.939393939,10
golfclub,58,162,1,0,16,1,26,30,43,31,0.720930233,12,13,3,1,0.827160494,0
golfclub,59,117,0,0,12,7,24,28,36,35,0.972222222,11,6,3,1,0.452991453,0
golfclub,60,102,2,0,13,19,17,17,32,36,1.125,11,8,3,1,0.598039216,4
golfclub,61,167,3,1,6,11,20,27,29,39,1.344827586,23,12,3,9,0.628742515,0
golfclub,62,123,0,0,5,1,27,29,32,30,0.9375,7,8,2,2,0.37398374,1
golfclub,63,89,17,10,8,7,10,14,35,31,0.885714286,8,8,3,1,0.573033708,7
golfclub,64,106,17,0,7,11,13,21,37,32,0.864864865,12,6,3,1,0.886792453,1
golfclub,65,107,0,0,7,18,22,18,29,36,1.24137931,10,7,3,1,0.813084112,5
golfclub,66,109,2,0,18,12,16,22,36,34,0.944444444,9,7,3,1,0.733944954,4
golfclub,67,124,0,1,5,10,21,23,26,34,1.307692308,15,9,3,2,1.620967742,6
golfclub,68,115,0,0,7,3,22,27,29,30,1.034482759,12,8,2,1,0.495652174,3
golfclub,69,116,1,0,5,4,25,27,31,31,1,9,9,3,1,0.405172414,0
golfclub,70,156,0,0,5,1,34,25,39,26,0.666666667,14,9,3,2,0.41025641,1
golfclub,71,101,9,1,20,9,8,18,37,28,0.756756757,11,9,3,1,0.613861386,4
golfclub,72,85,16,19,17,15,6,9,39,45,1.153846154,9,6,3,1,0.270588235,7
golfclub,73,76,24,0,3,9,11,11,38,20,0.526315789,7,8,2,1,0.934210526,3
golfclub,74,87,8,0,18,7,7,20,33,27,0.818181818,11,7,2,1,0.804597701,4
golfclub,75,120,1,0,5,9,25,30,31,39,1.258064516,12,5,3,1,0.866666667,0
golfclub,76,111,7,0,20,14,10,22,37,36,0.972972973,13,8,3,1,0.900900901,0
golfclub,77,90,20,0,6,12,10,17,36,29,0.805555556,10,7,3,1,0.777777778,0
golfclub,78,77,15,2,4,12,9,15,28,29,1.035714286,10,4,2,2,1.350649351,3
golfclub,79,129,0,1,11,9,26,30,37,40,1.081081081,11,8,3,1,0.356589147,1
golfclub,80,141,0,0,5,1,28,34,33,35,1.060606061,15,12,4,1,1.156028369,0
golfclub,81,134,2,0,21,1,14,27,37,28,0.756756757,15,11,3,1,1.044776119,0
golfclub,82,97,1,1,3,8,22,23,26,32,1.230769231,12,6,3,4,0.680412371,2
golfclub,83,105,9,4,16,9,10,22,35,35,1,11,6,1,2,0.466666667,0
golfclub,84,126,2,1,16,2,19,28,37,31,0.837837838,11,11,3,1,0.650793651,0
golfclub,85,73,20,16,4,5,9,13,33,34,1.03030303,8,6,3,1,1.02739726,17
golfclub,86,153,1,0,7,3,28,37,36,40,1.111111111,13,8,3,1,0.261437908,0
golfclub,87,151,1,1,18,1,24,36,43,38,0.88372093,10,8,2,1,0.390728477,0
golfclub,88,77,1,0,12,9,10,16,23,25,1.086956522,10,8,3,1,0.402597403,0
golfclub,89,118,1,2,14,6,17,27,32,35,1.09375,13,7,3,1,1.050847458,4
golfclub,90,130,0,1,7,4,24,26,31,31,1,14,9,3,1,0.507692308,0
golfclub,91,151,0,0,6,3,27,33,33,36,1.090909091,18,8,3,1,0.814569536,2
golfclub,92,179,0,1,3,4,28,29,31,34,1.096774194,15,10,2,7,0.229050279,0
golfclub,93,170,1,0,1,0,37,38,39,38,0.974358974,13,10,3,1,0.635294118,0
golfclub,94,111,4,0,19,18,15,19,38,37,0.973684211,8,8,3,1,0.54954955,0
golfclub,95,98,1,0,16,9,17,21,34,30,0.882352941,8,8,3,1,0.612244898,4
golfclub,96,102,0,0,16,22,14,17,30,39,1.3,8,5,3,1,1.578431373,36
golfclub,97,117,1,0,2,3,27,25,30,28,0.933333333,8,10,3,1,0.512820513,0
golfclub,98,115,0,2,18,2,17,29,35,33,0.942857143,9,6,3,1,0.547826087,3
golfclub,99,229,0,0,2,2,27,32,29,34,1.172413793,15,12,3,1,0.401746725,0
pencil,0,117,1,1,15,18,20,19,36,38,1.055555556,9,9,1,2,2.735042735,44
pencil,1,128,0,0,1,4,27,27,28,31,1.107142857,9,9,1,2,2.171875,2
pencil,2,112,0,1,0,26,11,14,11,41,3.727272727,22,11,1,2,2.205357143,0
pencil,3,114,0,2,21,3,18,25,39,30,0.769230769,6,9,1,2,1.596491228,13
pencil,4,105,1,0,7,2,20,20,28,22,0.785714286,9,10,1,2,1.314285714,6
pencil,5,85,0,0,7,2,15,19,22,21,0.954545455,9,8,1,2,1.164705882,13
pencil,6,184,0,0,2,16,30,25,32,41,1.28125,13,13,1,2,1.934782609,13
pencil,7,106,0,1,27,1,13,25,40,27,0.675,6,8,1,2,2.009433962,0
pencil,8,141,1,3,4,0,29,24,34,27,0.794117647,9,11,1,2,1.14893617,0
pencil,9,90,0,0,14,10,18,19,32,29,0.90625,5,5,1,3,2.744444444,21
pencil,10,166,0,0,17,1,21,18,38,19,0.5,14,18,1,2,2.048192771,0
pencil,11,146,1,0,2,2,26,28,29,30,1.034482759,14,10,1,2,1.404109589,0
pencil,12,92,1,0,32,0,5,10,38,10,0.263157895,8,30,1,2,2.282608696,0
pencil,13,152,0,0,0,2,30,30,30,32,1.066666667,9,10,1,2,1,0
pencil,14,90,0,0,3,0,20,18,23,18,0.782608696,8,8,1,2,0.711111111,0
pencil,15,123,0,1,5,2,26,26,31,29,0.935483871,8,9,1,2,1.227642276,6
pencil,16,131,0,0,15,8,21,24,36,32,0.888888889,9,11,1,2,2.076335878,0
pencil,17,168,1,0,1,6,36,35,38,41,1.078947368,10,9,1,2,1.630952381,8
pencil,18,204,0,0,4,2,35,34,39,36,0.923076923,12,13,1,2,1.299019608,0
pencil,19,97,1,2,13,0,12,8,26,10,0.384615385,9,21,1,2,0.907216495,0
pencil,20,128,0,1,5,5,25,24,30,30,1,8,9,1,2,1.640625,10
pencil,21,105,0,1,12,14,20,18,32,33,1.03125,8,7,1,2,1.276190476,24
pencil,22,125,0,0,16,13,23,22,39,35,0.897435897,9,10,1,2,2.696,37
pencil,23,88,0,0,6,11,20,17,26,28,1.076923077,6,6,1,3,1.75,10
pencil,24,141,1,0,2,10,31,27,34,37,1.088235294,11,10,1,2,1.914893617,16
pencil,25,98,1,0,0,1,18,18,19,19,1,8,7,1,7,0.551020408,0
pencil,26,147,0,0,0,0,33,31,33,31,0.939393939,8,8,1,2,0.911564626,0
pencil,27,106,0,1,0,2,24,23,24,26,1.083333333,8,6,1,3,1.320754717,3
pencil,28,97,1,1,1,10,19,18,21,29,1.380952381,9,9,1,2,1.494845361,5
pencil,29,85,0,0,12,12,17,18,29,30,1.034482759,5,5,1,3,2.647058824,30
pencil,30,143,0,1,6,2,25,27,31,30,0.967741935,15,11,1,2,2.657342657,25
pencil,31,104,0,0,3,8,24,24,27,32,1.185185185,9,6,1,2,1.403846154,14
pencil,32,125,0,0,8,0,27,23,35,23,0.657142857,7,10,1,2,1.536,0
pencil,33,115,0,0,1,2,23,24,24,26,1.083333333,8,9,1,2,1.069565217,0
pencil,34,144,1,0,10,1,28,28,39,29,0.743589744,8,9,1,2,1.131944444,0
pencil,35,91,0,0,13,4,16,19,29,23,0.793103448,7,7,1,2,0.802197802,9
pencil,36,128,0,1,5,2,30,28,35,31,0.885714286,8,7,1,3,2.1171875,0
pencil,37,129,0,0,10,4,26,30,36,34,0.944444444,7,6,1,2,1.775193798,6
pencil,38,151,0,1,3,2,28,27,31,30,0.967741935,10,10,1,2,0.913907285,1
pencil,39,173,0,1,4,3,33,33,37,37,1,12,11,1,2,1.849710983,11
pencil,40,151,1,1,2,11,35,30,38,42,1.105263158,8,8,1,2,1.523178808,15
pencil,41,125,0,1,4,15,27,21,31,37,1.193548387,9,8,1,2,1.968,11
pencil,42,106,0,1,4,4,22,26,26,31,1.192307692,6,7,1,2,1.113207547,0
pencil,43,97,0,1,1,10,14,17,15,28,1.866666667,10,7,1,2,0.989690722,0
pencil,44,170,0,1,0,0,34,38,34,39,1.147058824,9,12,1,2,1.629411765,3
pencil,45,108,1,1,5,9,24,20,30,30,1,8,9,1,2,1.018518519,19
pencil,46,93,0,1,18,1,16,24,34,26,0.764705882,6,5,1,5,1,0
pencil,47,115,0,0,16,3,20,22,36,25,0.694444444,8,9,1,2,1.87826087,8
pencil,48,160,2,0,4,4,27,27,33,31,0.939393939,12,11,1,2,1.15625,15
pencil,49,147,0,0,1,3,30,26,31,29,0.935483871,10,10,1,2,1.040816327,0
pencil,50,177,0,1,3,0,34,33,37,34,0.918918919,8,10,1,19,1.06779661,0
pencil,51,184,0,0,11,5,28,32,39,37,0.948717949,12,12,1,2,2.027173913,19
pencil,52,140,1,3,20,4,17,26,38,33,0.868421053,13,9,1,1,1.6,11
pencil,53,133,0,0,10,4,25,28,35,32,0.914285714,8,9,1,2,1.872180451,17
pencil,54,172,0,0,1,1,30,31,31,32,1.032258065,12,11,1,2,1.093023256,2
pencil,55,157,1,0,5,0,33,32,39,32,0.820512821,8,9,1,2,1.464968153,2
pencil,56,191,0,0,1,0,37,39,38,39,1.026315789,13,10,1,2,1.806282723,1
pencil,57,109,1,0,3,1,27,23,31,24,0.774193548,7,8,1,2,1.981651376,1
pencil,58,121,1,0,3,8,25,25,29,33,1.137931034,9,8,1,2,1.520661157,10
pencil,59,123,1,1,4,12,28,23,33,36,1.090909091,7,8,1,2,1.268292683,13
pencil,60,106,0,2,2,6,24,24,26,32,1.230769231,7,6,1,2,0.981132075,0
pencil,61,106,0,0,18,7,16,21,34,28,0.823529412,7,8,1,2,2.028301887,26
pencil,62,72,1,0,13,0,9,15,23,15,0.652173913,8,7,1,2,1.194444444,1
pencil,63,142,1,0,1,1,32,22,34,23,0.676470588,7,10,1,5,0.802816901,0
pencil,64,115,3,0,2,18,25,17,30,35,1.166666667,8,10,1,2,2.852173913,14
pencil,65,124,1,0,5,16,27,22,33,38,1.151515152,8,8,1,2,2.008064516,22
pencil,66,116,1,0,10,11,18,22,29,33,1.137931034,11,9,1,2,2.456896552,28
pencil,67,169,0,1,3,0,34,33,37,34,0.918918919,11,10,1,2,1.313609467,1
pencil,68,195,0,0,1,0,33,35,34,35,1.029411765,13,12,1,2,1.174358974,0
pencil,69,86,0,1,8,11,16,14,24,26,1.083333333,7,8,1,2,1.034883721,18
pencil,70,82,0,0,10,12,17,17,27,29,1.074074074,7,6,1,2,3.06097561,31
pencil,71,154,0,1,2,0,30,31,32,32,1,9,10,1,2,1.311688312,0
pencil,72,159,0,0,11,3,26,28,37,31,0.837837838,11,12,1,2,1.408805031,11
pencil,73,115,0,0,22,19,18,20,40,39,0.975,8,10,1,2,2.965217391,45
pencil,74,90,0,1,21,11,11,17,32,29,0.90625,7,7,1,2,2.155555556,31
pencil,75,128,0,0,1,1,22,25,23,26,1.130434783,9,7,1,2,1.1875,0
pencil,76,109,1,0,8,12,19,17,28,29,1.035714286,10,8,1,1,1.073394495,21
pencil,77,120,0,0,0,6,22,27,22,33,1.5,14,7,1,3,1.633333333,2
pencil,78,136,1,0,11,8,24,26,36,34,0.944444444,11,9,1,2,1.551470588,27
pencil,79,109,1,1,7,6,19,23,27,30,1.111111111,10,9,1,2,1.422018349,17
pencil,80,104,0,0,4,6,22,23,26,29,1.115384615,8,7,1,2,1.192307692,11
pencil,81,114,1,1,0,21,20,13,21,35,1.666666667,10,8,1,2,1.5,0
pencil,82,110,0,1,23,1,15,22,38,24,0.631578947,7,8,1,2,1.627272727,4
pencil,83,150,1,1,16,0,25,25,42,26,0.619047619,9,13,1,2,1.553333333,1
pencil,84,128,1,0,8,7,26,28,35,35,1,9,8,1,2,1.0859375,16
pencil,85,124,1,0,4,12,26,22,31,34,1.096774194,10,9,1,2,2.024193548,18
pencil,86,141,1,0,0,2,24,26,25,28,1.12,11,10,1,2,0.929078014,0
pencil,87,154,0,0,8,0,34,33,42,33,0.785714286,8,11,1,2,2.025974026,4
pencil,88,114,0,1,4,4,23,23,27,28,1.037037037,7,9,1,2,1.438596491,0
pencil,89,108,0,0,15,2,15,20,30,22,0.733333333,10,9,1,2,1.796296296,3
pencil,90,136,1,1,28,1,11,9,40,11,0.275,11,32,1,2,1.397058824,0
pencil,91,128,0,0,0,6,28,28,28,34,1.214285714,8,7,1,3,1.765625,7
pencil,92,75,0,1,6,10,15,13,21,24,1.142857143,8,6,1,2,1.746666667,18
pencil,93,126,1,0,2,8,25,24,28,32,1.142857143,9,11,1,2,1.753968254,11
pencil,94,117,1,0,5,1,27,25,33,26,0.787878788,7,8,1,2,1.102564103,6
pencil,95,126,0,1,7,1,29,28,36,30,0.833333333,6,6,1,3,0.96031746,2
pencil,96,103,1,0,23,0,12,19,36,19,0.527777778,7,10,1,2,1.398058252,0
pencil,97,116,0,1,1,4,27,25,28,30,1.071428571,6,7,1,3,0.922413793,0
pencil,98,119,0,1,20,15,17,22,37,38,1.027027027,13,9,1,2,2.831932773,41
pencil,99,83,0,0,3,17,18,12,21,29,1.380952381,8,6,1,2,1.734939759,14
